https://www.nps.gov/abli/index.htm,Abraham Lincoln Birthplace National Historical Park,2995 Lincoln Farm Road Hodgenville 42748,37.5858662,-85.67330523,"KY"
https://www.nps.gov/acad/index.htm,Acadia National Park,25 Visitor Center Road Bar Harbor 04609,44.409286,-68.247501,"ME"
https://www.nps.gov/adam/index.htm,Adams National Historical Park,1250 Hancock Street Quincy 02169,42.2553961,-71.01160356,"MA"
https://www.nps.gov/afam/index.htm,African American Civil War Memorial,1925 Vermont Avenue Northwest Washington 20001,38.9166,-77.026,"DC"
https://www.nps.gov/afbg/index.htm,African Burial Ground National Monument,African Burial Ground National Monument New York 10007,40.71452681,-74.00447358,"NY"
https://www.nps.gov/agfo/index.htm,Agate Fossil Beds National Monument,301 River Road Harrison 69346,42.42170419,-103.753886,"NE"
https://www.nps.gov/alka/index.htm,Ala Kahakai National Historic Trail,Superintendent Kailua-Kona 96740,19.1446681090248,-155.890734293795,"HI"
https://www.nps.gov/alag/index.htm,Alagnak Wild River,1000 Silver St., Bldg. 603 King Salmon 99613,59.05180188,-156.112002,"AK"
https://www.nps.gov/anch/index.htm,Alaska Public Lands,605 West 4th Avenue Anchorage 99501,61.2188,-149.894536,"AK"
https://www.nps.gov/alca/index.htm,Alcatraz Island,Alcatraz Island San Francisco Bay 94133,37.82676234,-122.4230206,"CA"
https://www.nps.gov/aleu/index.htm,Aleutian Islands World War II National Historic Area,Affiliated Areas, Alaska Regional Office Anchorage 99501,53.9143,-166.5197,"AK"
https://www.nps.gov/alfl/index.htm,Alibates Flint Quarries National Monument,37084 Alibates Rd. Potter County 79036,35.5819662,-101.6717008,"TX"
https://www.nps.gov/alpo/index.htm,Allegheny Portage Railroad National Historic Site,110 Federal Park Road Gallitzin 16641,40.42977467,-78.57431622,"PA"
https://www.nps.gov/amme/index.htm,American Memorial Park,Beach Road Saipan 96950,15.21680033,145.7231096,"MP"
https://www.nps.gov/amis/index.htm,Amistad National Recreation Area,10477 Highway 90 West Del Rio 78840,29.53539777,-101.075821,"TX"
https://www.nps.gov/anac/index.htm,Anacostia Park,1900 Anacostia Drive, S.E. Washington 20020,38.89644397,-76.96314236,"DC"
https://www.nps.gov/ande/index.htm,Andersonville National Historic Site,Andersonville National Cemetery Andersonville 31711,32.19831758,-84.12988898,"GA"
https://www.nps.gov/anjo/index.htm,Andrew Johnson National Historic Site,Andrew Johnson NHS Greeneville 37743,36.15624509,-82.83709021,"TN"
https://www.nps.gov/ania/index.htm,Aniakchak National Monument & Preserve,1000 Silver St., Bldg. 603 KIng Salmon 99613,56.85317675,-157.5544362,"AK"
https://www.nps.gov/anti/index.htm,Antietam National Battlefield,5831 Dunker Church Rd. Sharpsburg 21782,39.46763452,-77.73828017,"MD"
https://www.nps.gov/apis/index.htm,Apostle Islands National Lakeshore,415 Washington Avenue Bayfield 54814,46.96240467,-90.66045665,"WI"
https://www.nps.gov/appa/index.htm,Appalachian National Scenic Trail,Appalachian Trail Park Office Harpers Ferry 25425,40.41029575,-76.4337548,"CT,GA,MA,MD,ME,NC,NH,NJ,NY,PA,TN,VA,VT,WV"
https://www.nps.gov/apco/index.htm,Appomattox Court House National Historical Park,Appomattox Court House National Historical Park Appomattox 24522,37.38022164,-78.79856982,"VA"
https://www.nps.gov/arch/index.htm,Arches National Park,5 Miles north of Moab, Utah, on US 191 Moab 84532,38.72261844,-109.5863666,"UT"
https://www.nps.gov/arpo/index.htm,Arkansas Post National Memorial,1741 Old Post Road Gillett 72055,34.00389998,-91.30837178,"AR"
https://www.nps.gov/arho/index.htm,Arlington House, The Robert E. Lee Memorial,Arlington House, The Robert E. Lee Memorial Arlington 22211,38.8822021484375,-77.0734786987305,"VA"
https://www.nps.gov/asis/index.htm,Assateague Island National Seashore,7206 National Seashore Lane Berlin 21811,38.05593172,-75.24524611,"MD,VA"
https://www.nps.gov/azru/index.htm,Aztec Ruins National Monument,725 Ruins Road Aztec 87410,36.83682216,-107.9999245,"NM"
https://www.nps.gov/badl/index.htm,Badlands National Park,25216 Ben Reifel Road Interior 57750,43.68584846,-102.482942,"SD"
https://www.nps.gov/bawa/index.htm,Baltimore-Washington Parkway,Baltimore Washington Parkway Greenbelt 20770,39.02604289,-76.85410921,"MD"
https://www.nps.gov/band/index.htm,Bandelier National Monument,Bandelier National Monument Los Alamos 87544,35.77898596,-106.3317124,"NM"
https://www.nps.gov/bepa/index.htm,Belmont-Paul Women's Equality National Monument,144 Constitution Ave NE Washington 20002,38.89231541,-77.00381882,"DC"
https://www.nps.gov/beol/index.htm,Bent's Old Fort National Historic Site,35110 State Highway 194 E. La Junta 81050,38.03977546,-103.4266499,"CO"
https://www.nps.gov/bela/index.htm,Bering Land Bridge National Preserve,214 Front St. Nome 99762,65.96087902,-164.4086432,"AK"
https://www.nps.gov/bibe/index.htm,Big Bend National Park,1 Panther Junction Big Bend National Park 79834,29.29817767,-103.2297897,"TX"
https://www.nps.gov/bicy/index.htm,Big Cypress National Preserve,33100 Tamiami Trail East Ochopee 34141,25.97079602,-81.08120629,"FL"
https://www.nps.gov/biho/index.htm,Big Hole National Battlefield,16425 Highway 43 West Wisdom 59761,45.64647324,-113.6458443,"MT"
https://www.nps.gov/biso/index.htm,Big South Fork National River & Recreation Area,4564 Leatherwood Road Oneida 37841,36.5348388,-84.66506688,"KY,TN"
https://www.nps.gov/bith/index.htm,Big Thicket National Preserve,6102 FM 420 Kountze 77625,30.4579834310497,-94.3867421150208,"TX"
https://www.nps.gov/bica/index.htm,Bighorn Canyon National Recreation Area,Bighorn Canyon National Recreation Area South District Visitor Center Lovell 82431,45.13154227,-108.1443943,"MT,WY"
https://www.nps.gov/bicr/index.htm,Birmingham Civil Rights National Monument,1510 5th Ave N Birmingham 35203,33.5154266357422,-86.8146667480469,"AL"
https://www.nps.gov/bisc/index.htm,Biscayne National Park,9700 SW 328th Street Homestead 33033,25.490587,-80.21023851,"FL"
https://www.nps.gov/blca/index.htm,Black Canyon Of The Gunnison National Park,South Rim Visitor Center Montrose 81401,38.57779869,-107.7242756,"CO"
https://www.nps.gov/blrv/index.htm,Blackstone River Valley National Historical Park,282 North Main Street Providence 02903,42.0985435,-71.64625434,"RI,MA"
https://www.nps.gov/blri/index.htm,Blue Ridge Parkway,Milepost 384 Asheville 28803,35.5657195273801,-82.4864845870113,"NC,VA"
https://www.nps.gov/blue/index.htm,Bluestone National Scenic River,3405 Pipestem Drive Pipestem 25979,37.56577087,-80.98366657,"WV"
https://www.nps.gov/bowa/index.htm,Booker T Washington National Monument,12130 Booker T. Washington Highway Hardy 24101,37.11520539,-79.73185833,"VA"
https://www.nps.gov/boaf/index.htm,Boston African American National Historic Site,15 State Street Boston 02109,42.35908295,-71.06764181,"MA"
https://www.nps.gov/boha/index.htm,Boston Harbor Islands National Recreation Area,15 State Street Boston 02109,42.30905526,-70.93941138,"MA"
https://www.nps.gov/bost/index.htm,Boston National Historical Park,Boston National Historical Park Charlestown 02129,42.36957407,-71.05536763,"MA"
https://www.nps.gov/brcr/index.htm,Brices Cross Roads National Battlefield Site,260 Bethany Rd Guntown 38849,34.50611958,-88.72889343,"MS"
https://www.nps.gov/brvb/index.htm,Brown v. Board of Education National Historic Site,1515 SE Monroe Street Topeka 66612-1143,39.03787665,-95.67614437,"KS"
https://www.nps.gov/brca/index.htm,Bryce Canyon National Park,Highway 63 Bryce 84764,37.58399144,-112.1826689,"UT"
https://www.nps.gov/buis/index.htm,Buck Island Reef National Monument,2100 Church St. #100 Christiansted, St. Croix 00820,17.81026717,-64.6222179,"VI"
https://www.nps.gov/buff/index.htm,Buffalo National River,170 Ranger Road St. Joe 72675,36.04116481,-92.90761584,"AR"
https://www.nps.gov/cabr/index.htm,Cabrillo National Monument,1800 Cabrillo Memorial Drive San Diego 92106,32.6722503,-117.2415985,"CA"
https://www.nps.gov/cali/index.htm,California National Historic Trail,National Trails Santa Fe 87505,42.3999643979285,-108.702415369046,"CA,CO,ID,KS,MO,NE,NV,OR,UT,WY"
https://www.nps.gov/cane/index.htm,Camp Nelson National Monument,6614 Danville Road Nicholasville 40356,37.7970179912726,-84.5981683059999,"KY"
https://www.nps.gov/cana/index.htm,Canaveral National Seashore,Apollo Visitor Center, New Smyrna Beach 32169,28.78637529,-80.75419576,"FL"
https://www.nps.gov/cari/index.htm,Cane River Creole National Historical Park,4386 Highway 494, Natchez, LA 71456 (Oakland ) Natchitoches Parish 71457,31.65408447,-93.00131977,"LA"
https://www.nps.gov/cach/index.htm,Canyon de Chelly National Monument,3 miles E of Highway 191 on Route 7 Chinle 86503,36.14319567,-109.3388303,"AZ"
https://www.nps.gov/cany/index.htm,Canyonlands National Park,Island in the Sky - 33 miles from Moab on UT 313 Moab 84532,38.24555783,-109.8801624,"UT"
https://www.nps.gov/caco/index.htm,Cape Cod National Seashore,99 Marconi Site Road Wellfleet 02667,41.92381465,-70.04319832,"MA"
https://www.nps.gov/caha/index.htm,Cape Hatteras National Seashore,46375 Lighthouse Road Buxton 27920,35.41370839,-75.65061112,"NC"
https://www.nps.gov/came/index.htm,Cape Henry Memorial Part of Colonial National Historical Park,Atlantic Ave Fort Story 23459,36.9278094,-76.0088219,"VA"
https://www.nps.gov/cakr/index.htm,Cape Krusenstern National Monument,171 3rd Ave Kotzebue 99752,67.41499986,-163.5037786,"AK"
https://www.nps.gov/calo/index.htm,Cape Lookout National Seashore,1800 Island Rd Harkers Island 28531,34.8267961,-76.34319082,"NC"
https://www.nps.gov/cahi/index.htm,Capitol Hill Parks,Capitol Hill Parks are spread out in various locations on Capitol Hill Washington 20003,38.889993,-76.990332,"DC"
https://www.nps.gov/care/index.htm,Capitol Reef National Park,52 West Headquarters Drive Torrey 84775,38.2821653130533,-111.247048377991,"UT"
https://www.nps.gov/cajo/index.htm,Captain John Smith Chesapeake National Historic Trail,1368 Colonial Parkway Jamestown 23081,38.971601,-76.483355,"VA,MD,DE,DC,PA,NY"
https://www.nps.gov/cavo/index.htm,Capulin Volcano National Monument,44 Volcano Road Capulin 88414,36.78171096,-103.9710427,"NM"
https://www.nps.gov/carl/index.htm,Carl Sandburg Home National Historic Site,81 Carl Sandburg Lane Flat Rock 28731,35.26815509,-82.45106258,"NC"
https://www.nps.gov/cave/index.htm,Carlsbad Caverns National Park,727 Carlsbad Caverns Highway Carlsbad 88220,32.14089463,-104.5529688,"NM"
https://www.nps.gov/cawo/index.htm,Carter G. Woodson Home National Historic Site,1538 Ninth Street NW Washington 20001,38.91089286,-77.02431104,"DC"
https://www.nps.gov/cagr/index.htm,Casa Grande Ruins National Monument,1100 W. Ruins Drive Coolidge 85128,32.99702582,-111.5325383,"AZ"
https://www.nps.gov/casa/index.htm,Castillo de San Marcos National Monument,11 South Castillo Drive Saint Augustine 32084,29.89785701,-81.31217173,"FL"
https://www.nps.gov/cacl/index.htm,Castle Clinton National Monument,Battery Park New York 10004,40.70347795,-74.01680558,"NY"
https://www.nps.gov/camo/index.htm,Castle Mountains National Monument,Castle Mountains National Monument Barstow 92311,35.29156348,-115.0935606,"CA"
https://www.nps.gov/cato/index.htm,Catoctin Mountain Park,14707 Park Central Road Thurmont 21788,39.65068457,-77.46417665,"MD"
https://www.nps.gov/cebr/index.htm,Cedar Breaks National Monument,Cedar Breaks National Monument Brian Head 84719,37.63545562,-112.845268,"UT"
https://www.nps.gov/cebe/index.htm,Cedar Creek & Belle Grove National Historical Park,7712 Main Street Middletown 22645,39.0093576,-78.30618934,"VA"
https://www.nps.gov/chcu/index.htm,Chaco Culture National Historical Park,1808 CR 7950 Nageezi 87037,36.03963414,-107.9560076,"NM"
https://www.nps.gov/cham/index.htm,Chamizal National Memorial,800 South San Marcial Street El Paso 79905,31.76729634,-106.4544011,"TX"
https://www.nps.gov/chis/index.htm,Channel Islands National Park,1901 Spinnaker Drive Ventura 93001,33.98680093,-119.9112735,"CA"
https://www.nps.gov/chpi/index.htm,Charles Pinckney National Historic Site,1254 Long Point Road Mount Pleasant 29464,32.84577392,-79.82487582,"SC"
https://www.nps.gov/chyo/index.htm,Charles Young Buffalo Soldiers National Monument,1120 U.S. Route 42 E Wilberforce 45384,39.70817829,-83.89328575,"OH"
https://www.nps.gov/chat/index.htm,Chattahoochee River National Recreation Area,8800 Roberts Drive Sandy Springs 30350,33.99698333,-84.28953177,"GA"
https://www.nps.gov/choh/index.htm,Chesapeake & Ohio Canal National Historical Park,1850 Dual Highway, Suite 100 Hagerstown 21740,39.0002836919553,-77.2481399539388,"DC,MD,WV"
https://www.nps.gov/cbpo/index.htm,Chesapeake Bay,410 Severn Avenue Annapolis 21403,38.971601,-76.483355,"DC,DE,MD,NY,PA,VA,WV"
https://www.nps.gov/cbgn/index.htm,Chesapeake Bay Gateways and Watertrails Network,undefined,37.3221206665039,-76.2533569335938,"DC,MD,NY,PA,VA,WV"
https://www.nps.gov/chch/index.htm,Chickamauga & Chattanooga National Military Park,3370 LaFayette Road Fort Oglethorpe 30742,34.94317623,-85.28749537,"GA,TN"
https://www.nps.gov/chic/index.htm,Chickasaw National Recreation Area,901 W. 1st Street Sulphur 73086,34.46050507,-97.00715669,"OK"
https://www.nps.gov/chir/index.htm,Chiricahua National Monument,12856 E Rhyolite Creek Rd Willcox 85643,32.01214618,-109.341607,"AZ"
https://www.nps.gov/chri/index.htm,Christiansted National Historic Site,2100 Church St. #100 Christiansted 00820,17.73771903,-64.72906227,"VI"
https://www.nps.gov/ciro/index.htm,City Of Rocks National Reserve,City of Rocks National Reserve Almo 83312,42.0699024,-113.7124097,"ID"
https://www.nps.gov/cwdw/index.htm,Civil War Defenses of Washington,Civil War Defenses of Washington Washington 20012,38.93596206,-77.04998374,"DC,MD,VA"
https://www.nps.gov/clba/index.htm,Clara Barton National Historic Site,5801 Oxford Road Glen Echo 20812,38.96762882,-77.14009689,"MD"
https://www.nps.gov/colo/index.htm,Colonial National Historical Park,1000 Colonial Parkway Yorktown 23690,37.22824435,-76.61998123,"VA"
https://www.nps.gov/colm/index.htm,Colorado National Monument,1750 Rim Rock Drive Fruita 81521,39.05045016,-108.6920709,"CO"
https://www.nps.gov/colt/index.htm,Coltsville National Historical Park,120 Huyshope Ave Hartford 06106,42.4677505493164,-73.2036666870117,"CT"
https://www.nps.gov/cong/index.htm,Congaree National Park,100 National Park Road Hopkins 29061,33.79187523,-80.74867805,"SC"
https://www.nps.gov/coga/index.htm,Constitution Gardens,1850 Constitution Ave. NW Washington 20002,38.8909354,-77.04409306,"DC"
https://www.nps.gov/coro/index.htm,Coronado National Memorial,4101 E Montezuma Canyon Road Hereford 85615,31.34900397,-110.2561574,"AZ"
https://www.nps.gov/cowp/index.htm,Cowpens National Battlefield,Cowpens National Battlefield Gaffney 29341,35.13160654,-81.80935433,"SC"
https://www.nps.gov/crla/index.htm,Crater Lake National Park,Crater Lake National Park Crater Lake 97604,42.94065854,-122.1338414,"OR"
https://www.nps.gov/crmo/index.htm,Craters Of The Moon National Monument & Preserve,Craters of the Moon National Monument Arco 83213,43.20345611,-113.4791609,"ID"
https://www.nps.gov/cuga/index.htm,Cumberland Gap National Historical Park,91 Bartlett Park Road Middlesboro 40965,36.62503076,-83.6114083,"KY,TN,VA"
https://www.nps.gov/cuis/index.htm,Cumberland Island National Seashore,113 St. Marys St W St. Marys 31558,30.85857484,-81.45253575,"GA"
https://www.nps.gov/cure/index.htm,Curecanti National Recreation Area,102 Elk Creek Gunnison 81230,38.46584558,-107.3303371,"CO"
https://www.nps.gov/cuva/index.htm,Cuyahoga Valley National Park,6947 Riverview Road Peninsula 44264,41.26093905,-81.57116722,"OH"
https://www.nps.gov/cech/index.htm,César E. Chávez National Monument,29700 Woodford-Tehachapi Road Keene 93531,35.22729389,-118.5615781,"CA"
https://www.nps.gov/dabe/index.htm,David Berger National Memorial,26001 South Woodland Road Beachwood 44122,41.47419199,-81.49180485,"OH"
https://www.nps.gov/daav/index.htm,Dayton Aviation Heritage National Historical Park,16 South Williams Street Dayton 45402,39.78944467,-84.10442045,"OH"
https://www.nps.gov/deso/index.htm,De Soto National Memorial,8300 De Soto Memorial Hwy Bradenton 34209,27.52272613,-82.64335416,"FL"
https://www.nps.gov/deva/index.htm,Death Valley National Park,PO Box 579 Death Valley 92328,36.48753731,-117.134395,"CA,NV"
https://www.nps.gov/dewa/index.htm,Delaware Water Gap National Recreation Area,1978 River Road Bushkill 18324,41.12793491,-74.94751173,"NJ,PA"
https://www.nps.gov/dena/index.htm,Denali National Park & Preserve,Mile 237 Highway 3 Denali Park 99755,63.29777484,-151.0526568,"AK"
https://www.nps.gov/depo/index.htm,Devils Postpile National Monument,Devils Postpile Access Road Mammoth Lakes 93546,37.6152564,-119.0873903,"CA"
https://www.nps.gov/deto/index.htm,Devils Tower National Monument,149 State Highway 110 Devils Tower 82714,44.59064655,-104.7156341,"WY"
https://www.nps.gov/dino/index.htm,Dinosaur National Monument,11625 E 1500 S Jensen 84035,40.50739742,-108.9333714,"CO,UT"
https://www.nps.gov/drto/index.htm,Dry Tortugas National Park,40001 SR-9336 Homestead 33034,24.628741,-82.87319,"FL"
https://www.nps.gov/ddem/index.htm,Dwight D. Eisenhower Memorial,540 Independence Avenue SW Washington 20202,38.8869476647494,-77.0187375540026,"DC"
https://www.nps.gov/ebla/index.htm,Ebey's Landing National Historical Reserve,162 Cemetery Road Coupeville 98239,48.21403036,-122.6877213,"WA"
https://www.nps.gov/edal/index.htm,Edgar Allan Poe National Historic Site,532 N. 7th Street Philadelphia 19123,39.96195482,-75.1500062,"PA"
https://www.nps.gov/efmo/index.htm,Effigy Mounds National Monument,151 Hwy 76 Harpers Ferry 52146,43.08095081,-91.19687517,"IA"
https://www.nps.gov/eise/index.htm,Eisenhower National Historic Site,243 Eisenhower Farm Road Gettysburg 17325,39.79577592,-77.26508101,"PA"
https://www.nps.gov/elca/index.htm,El Camino Real de Tierra Adentro National Historic Trail,National Trails Office - Regions 6, 7, 8 Santa Fe 87505,33.7990672546168,-106.866386194673,"NM,TX"
https://www.nps.gov/elte/index.htm,El Camino Real de los Tejas National Historic Trail,National Trails Santa Fe 87501,30.0922964581204,-97.3397666724756,"TX,LA"
https://www.nps.gov/elma/index.htm,El Malpais National Monument,1900 E. Santa Fe Ave. Grants 87020,34.88422799,-107.9950948,"NM"
https://www.nps.gov/elmo/index.htm,El Morro National Monument,Mile Marker 44.6 Hwy 53 Ramah 87321,35.03895916,-108.3463984,"NM"
https://www.nps.gov/elro/index.htm,Eleanor Roosevelt National Historic Site,54 Val-Kill Park Road Hyde Park 12538,41.76208482,-73.89894026,"NY"
https://www.nps.gov/elis/index.htm,Ellis Island Part of Statue of Liberty National Monument,Ellis Island National Museum of Immigration New York 10004,40.69946,-74.0401,"NJ,NY"
https://www.nps.gov/euon/index.htm,Eugene O'Neill National Historic Site,205 Railroad Avenue Danville 94526,37.82604456,-122.0271566,"CA"
https://www.nps.gov/ever/index.htm,Everglades National Park,40001 State Road 9336 Homestead 33034,25.37294225,-80.88200301,"FL"
https://www.nps.gov/fati/index.htm,Fallen Timbers Battlefield and Fort Miamis National Historic Site,Battlefield is at Intersection of US23/I-475 and US 24 Maumee 43537,41.54987609,-83.69876426,"OH"
https://www.nps.gov/feha/index.htm,Federal Hall National Memorial,26 Wall Street New York 10005,40.70731192,-74.01025636,"NY"
https://www.nps.gov/fiis/index.htm,Fire Island National Seashore,120 Laurel Street Patchogue 11772,40.69668638,-73.00013462,"NY"
https://www.nps.gov/fila/index.htm,First Ladies National Historic Site,205 Market Avenue South Canton 44702-2107,40.79689857,-81.37579869,"OH"
https://www.nps.gov/frst/index.htm,First State National Historical Park,New Castle Court House Museum New Castle 19720,39.83076929,-75.56353942,"DE,PA"
https://www.nps.gov/flni/index.htm,Flight 93 National Memorial,6424 Lincoln Highway Stoystown 15563,40.06061476,-78.89456905,"PA"
https://www.nps.gov/flfo/index.htm,Florissant Fossil Beds National Monument,15807 Teller County Road 1 Florissant 80816,38.91260586,-105.2803396,"CO"
https://www.nps.gov/foth/index.htm,Ford's Theatre,511 10th Street NW Washington 20004,38.89668819,-77.02577944,"DC"
https://www.nps.gov/fobo/index.htm,Fort Bowie National Historic Site,3500 South Apache Pass Road Bowie 85605,32.14925942,-109.451132,"AZ"
https://www.nps.gov/foda/index.htm,Fort Davis National Historic Site,101 Lt. Flipper Dr. #1379 Fort Davis 79734,30.59930381,-103.8961904,"TX"
https://www.nps.gov/fodo/index.htm,Fort Donelson National Battlefield,174 National Cemetery Drive Dover 37058,36.49019078,-87.92445695,"KY,TN"
https://www.nps.gov/fodu/index.htm,Fort Dupont Park,National Capitol Parks-East Washington 20020,38.87731289,-76.94955824,"DC"
https://www.nps.gov/fofo/index.htm,Fort Foote Park,8915 Fort Foote Road Oxon Hill 20745,38.76901785,-77.02812387,"MD"
https://www.nps.gov/fofr/index.htm,Fort Frederica National Monument,Fort Frederica National Monument St. Simons Island 31522,31.2214699,-81.39452014,"GA"
https://www.nps.gov/fola/index.htm,Fort Laramie National Historic Site,965 Gray Rocks Road Fort Laramie 82212,42.20301694,-104.5459112,"WY"
https://www.nps.gov/fols/index.htm,Fort Larned National Historic Site,1767 KS Hwy 156 Larned 67550,38.18047491,-99.21836664,"KS"
https://www.nps.gov/foma/index.htm,Fort Matanzas National Monument,8635 A1A South Saint Augustine 32080,29.7121489,-81.23567535,"FL"
https://www.nps.gov/fomc/index.htm,Fort McHenry National Monument and Historic Shrine,2400 East Fort Avenue Baltimore 21230,39.26395314,-76.58044165,"MD"
https://www.nps.gov/fomr/index.htm,Fort Monroe National Monument,41 Bernard Road Fort Monroe 23651-1001,37.01733343,-76.30103195,"VA"
https://www.nps.gov/fone/index.htm,Fort Necessity National Battlefield,1 Washington Parkway Farmington 15437,39.81306048,-79.59033344,"PA"
https://www.nps.gov/fopo/index.htm,Fort Point National Historic Site,Fort Point National Historic Site San Francisco 94129,37.80837439,-122.473747,"CA"
https://www.nps.gov/fopu/index.htm,Fort Pulaski National Monument,101 Fort Pulaski Road Savannah 31410,32.0308274,-80.93361681,"GA"
https://www.nps.gov/fora/index.htm,Fort Raleigh National Historic Site,1500 Fort Raleigh Road Manteo 27954,35.93278602,-75.71496865,"NC"
https://www.nps.gov/fosc/index.htm,Fort Scott National Historic Site,1 Old Fort Blvd. Fort Scott 66701,37.84358849,-94.70429174,"KS"
https://www.nps.gov/fosm/index.htm,Fort Smith National Historic Site,301 Parker Ave Fort Smith 72901,35.38834746,-94.43129079,"AR,OK"
https://www.nps.gov/fost/index.htm,Fort Stanwix National Monument,100 North James St. Rome 13440,43.21053441,-75.45557626,"NY"
https://www.nps.gov/fosu/index.htm,Fort Sumter and Fort Moultrie National Historical Park,340 Concord Street Charleston 29401,32.75654469,-79.87068744,"SC"
https://www.nps.gov/foun/index.htm,Fort Union National Monument,3115 NM Highway 161 Watrous 87753,35.90700629,-105.0145185,"NM"
https://www.nps.gov/fous/index.htm,Fort Union Trading Post National Historic Site,15550 Highway 1804 Williston 58801,48.00075828,-104.0375238,"MT,ND"
https://www.nps.gov/fova/index.htm,Fort Vancouver National Historic Site,1501 E Evergreen Blvd Vancouver 98661,45.62234841,-122.6617043,"OR,WA"
https://www.nps.gov/fowa/index.htm,Fort Washington Park,13551 Fort Washington Road Fort Washington 20744,38.70875364,-77.02174195,"MD"
https://www.nps.gov/fobu/index.htm,Fossil Butte National Monument,864 Chicken Creek Road Kemmerer 83101,41.85635223,-110.7624754,"WY"
https://www.nps.gov/frde/index.htm,Franklin Delano Roosevelt Memorial,400 West Basin Drive SW Washington 20002,38.88341274,-77.04311542,"DC"
https://www.nps.gov/frdo/index.htm,Frederick Douglass National Historic Site,1411 W Street SE Washington 20020,38.86298458,-76.98508147,"DC"
https://www.nps.gov/frla/index.htm,Frederick Law Olmsted National Historic Site,99 Warren Street Brookline 02445,42.32424266,-71.13202567,"MA"
https://www.nps.gov/frsp/index.htm,Fredericksburg & Spotsylvania National Military Park,120 Chatham Ln Fredericksburg 22405,38.28277118,-77.6470428,"VA"
https://www.nps.gov/frri/index.htm,Freedom Riders National Monument,Freedom Riders National Monument Anniston 36201,33.6352691650391,-85.9064331054688,"AL"
https://www.nps.gov/frhi/index.htm,Friendship Hill National Historic Site,223 New Geneva Rd. Point Marion 15470,39.77543423,-79.92504169,"PA"
https://www.nps.gov/gaar/index.htm,Gates Of The Arctic National Park & Preserve,101 Dunkel St Fairbanks 99701,67.75961636,-153.2917758,"AK"
https://www.nps.gov/jeff/index.htm,Gateway Arch National Park,11. North 4th Street St. Louis 63102,38.6258069,-90.1892508,"MO"
https://www.nps.gov/gate/index.htm,Gateway National Recreation Area,210 New York Avenue Staten Island 10305,40.56536246,-73.9171087,"NY,NJ"
https://www.nps.gov/gari/index.htm,Gauley River National Recreation Area,Gauley River National Recreation Area Glen Jean 25846-0246,38.20614947,-81.00420836,"WV"
https://www.nps.gov/gegr/index.htm,General Grant National Memorial,Riverside Drive and W. 122nd Street New York 10027,40.81332817,-73.96331542,"NY"
https://www.nps.gov/gero/index.htm,George Rogers Clark National Historical Park,401 S. 2nd Street Vincennes 47591,38.67912659,-87.53545212,"IN"
https://www.nps.gov/gewa/index.htm,George Washington Birthplace National Monument,1732 Popes Creek Road Colonial Beach 22443,38.19362603,-76.92079458,"VA"
https://www.nps.gov/gwca/index.htm,George Washington Carver National Monument,5646 Carver Road Diamond 64840,36.9871322,-94.35522737,"MO"
https://www.nps.gov/gwmp/index.htm,George Washington Memorial Parkway,George Washington Memorial Parkway Headquarters McLean 22101,38.85452263,-77.08528147,"DC,MD,VA"
https://www.nps.gov/gett/index.htm,Gettysburg National Military Park,1195 Baltimore Pike Gettysburg 17325,39.81557366,-77.23246758,"PA"
https://www.nps.gov/gicl/index.htm,Gila Cliff Dwellings National Monument,26 Jim Bradford Trail Mimbres 88049,33.22715258,-108.2706711,"NM"
https://www.nps.gov/glba/index.htm,Glacier Bay National Park & Preserve,1 Park Road Gustavus 99826,58.80086718,-136.8407579,"AK"
https://www.nps.gov/glac/index.htm,Glacier National Park,64 Grinnell Drive West Glacier 59936,48.68414678,-113.8009306,"MT"
https://www.nps.gov/glca/index.htm,Glen Canyon National Recreation Area,691 Scenic View Rd. Page 86040,36.9357464676887,-111.485594268007,"AZ,UT"
https://www.nps.gov/glec/index.htm,Glen Echo Park,7300 MacArthur Boulevard Glen Echo 20812,38.96912315,-77.14012206,"MD"
https://www.nps.gov/glde/index.htm,Gloria Dei Church National Historic Site,916 S. Swanson Street Philadelphia 19147,39.93435005,-75.14398924,"PA"
https://www.nps.gov/goga/index.htm,Golden Gate National Recreation Area,Golden Gate National Recreation Area San Francisco 94123-0022,37.85982543,-122.6007386,"CA"
https://www.nps.gov/gosp/index.htm,Golden Spike National Historical Park,6200 North 22300 West Promontory, Utah 84307,41.61947508,-112.5242653,"UT"
https://www.nps.gov/gois/index.htm,Governors Island National Monument,Governors Island New York 10004-1921,40.69164233,-74.01670765,"NY"
https://www.nps.gov/grca/index.htm,Grand Canyon National Park,20 South Entrance Road Grand Canyon 86023,36.0001165336017,-112.12151636301,"AZ"
https://www.nps.gov/para/index.htm,Grand Canyon-Parashant National Monument,345 East Riverside Drive St. George 84790,36.41535465,-113.6682797,"AZ"
https://www.nps.gov/grpo/index.htm,Grand Portage National Monument,170 Mile Creek Road Grand Portage 55605,47.99294217,-89.75573031,"MN"
https://www.nps.gov/grte/index.htm,Grand Teton National Park,103 Headquarters Loop Moose 83012,43.81853565,-110.7054666,"WY"
https://www.nps.gov/grko/index.htm,Grant-Kohrs Ranch National Historic Site,251 Grant Circle Deer Lodge 59722,46.41358923,-112.7467024,"MT"
https://www.nps.gov/grba/index.htm,Great Basin National Park,Great Basin National Park Baker 89311,38.94617378,-114.2579782,"NV"
https://www.nps.gov/greg/index.htm,Great Egg Harbor River,Route 50 Estell Manor 08330,39.3042,-74.6497,"NJ"
https://www.nps.gov/grfa/index.htm,Great Falls Park,9200 Old Dominion Dr. McLean 22102,38.98776107,-77.25128326,"VA"
https://www.nps.gov/grsa/index.htm,Great Sand Dunes National Park & Preserve,Visitor Center Mosca 81146,37.79256812,-105.5919572,"CO"
https://www.nps.gov/grsm/index.htm,Great Smoky Mountains National Park,Sugarlands Visitor Center Gatlinburg 37738,35.60116374,-83.50818326,"NC,TN"
https://www.nps.gov/grsp/index.htm,Green Springs,Western Louisa County Multiple Privately Owned Properties 23093,38.037099,-78.189823,"VA"
https://www.nps.gov/gree/index.htm,Greenbelt Park,6565 Greenbelt Road Greenbelt 20770,38.98328267,-76.89722133,"MD"
https://www.nps.gov/gumo/index.htm,Guadalupe Mountains National Park,400 Pine Canyon Salt Flat 79847,31.92304462,-104.885527,"TX"
https://www.nps.gov/guco/index.htm,Guilford Courthouse National Military Park,2332 New Garden Road Greensboro 27410,36.13225478,-79.8424561,"NC"
https://www.nps.gov/guis/index.htm,Gulf Islands National Seashore,1801 Gulf Breeze Parkway Gulf Breeze 32563,30.29924926,-87.75064297,"FL,MS"
https://www.nps.gov/hafo/index.htm,Hagerman Fossil Beds National Monument,221 N State St Hagerman 83332,42.79074114,-114.9443074,"ID"
https://www.nps.gov/hale/index.htm,Haleakal&#257; National Park,Haleakalā National Park Kula 96790,20.70693015,-156.1591775,"HI"
https://www.nps.gov/hagr/index.htm,Hamilton Grange National Memorial,414 West 141st Street New York 10031,40.81871605,-73.94878487,"NY"
https://www.nps.gov/hamp/index.htm,Hampton National Historic Site,535 Hampton Lane Towson 21286,39.4175296,-76.58781182,"MD"
https://www.nps.gov/haha/index.htm,Harmony Hall,10702 Livingston Rd. Fort Washington 20744,38.74646351,-77.00377069,"MD"
https://www.nps.gov/hafe/index.htm,Harpers Ferry National Historical Park,Harpers Ferry National Historical Park Harpers Ferry 25425,39.31865949,-77.74088546,"WV,VA,MD"
https://www.nps.gov/hart/index.htm,Harriet Tubman National Historical Park,180 South Street Auburn 13021,42.9128920286894,-76.5646715462208,"NY"
https://www.nps.gov/hatu/index.htm,Harriet Tubman Underground Railroad National Historical Park,4068 Golden Hill Road Church Creek 21622,38.4548643510713,-76.1373451375579,"MD"
https://www.nps.gov/hstr/index.htm,Harry S Truman National Historic Site,219 North Delaware Street (Truman Home) Independence 64050,38.92711967,-94.5162488,"MO"
https://www.nps.gov/havo/index.htm,Hawai'i Volcanoes National Park,1 Crater Rim Drive Hawaii National Park 96718,19.3355036,-155.4700257,"HI"
https://www.nps.gov/heho/index.htm,Herbert Hoover National Historic Site,110 Parkside Drive West Branch 52358,41.66793558,-91.35232139,"IA"
https://www.nps.gov/jame/index.htm,Historic Jamestowne Part of Colonial National Historical Park,1368 Colonial Parkway Jamestown 23081,37.2065,-76.7538,"VA"
https://www.nps.gov/hofr/index.htm,Home Of Franklin D Roosevelt National Historic Site,114 Estates Lane Hyde Park 12538,41.76639758,-73.92516857,"NY"
https://www.nps.gov/home/index.htm,Homestead National Historical Park,8523 West State Highway 4 Beatrice 68310,40.28802381,-96.83387781,"NE"
https://www.nps.gov/hono/index.htm,Honouliuli National Historic Site,National Park Service Honolulu 96818,21.38817536,-158.0574991,"HI"
https://www.nps.gov/hocu/index.htm,Hopewell Culture National Historical Park,16062 State Route 104 Chillicothe 45601,39.31594374,-83.08049456,"OH"
https://www.nps.gov/hofu/index.htm,Hopewell Furnace National Historic Site,2 Mark Bird Lane Elverson 19520,40.20610637,-75.76766355,"PA"
https://www.nps.gov/hobe/index.htm,Horseshoe Bend National Military Park,11288 Horseshoe Bend Road Daviston 36256,32.97668879,-85.73413589,"AL"
https://www.nps.gov/hosp/index.htm,Hot Springs National Park,369 Central Avenue Hot Springs 71901,34.52414366,-93.06332936,"AR"
https://www.nps.gov/hove/index.htm,Hovenweep National Monument,Along the border between southeast Utah and southwest Colorado Cortez 81321,37.39134092,-109.0047977,"CO,UT"
https://www.nps.gov/hutr/index.htm,Hubbell Trading Post National Historic Site,1/2 mile west of Hwy 191/264 Ganado 86505-0150,35.70727324,-109.5599515,"AZ"
https://www.nps.gov/inup/index.htm,I&#241;upiat Heritage Center,5421 North Star Street Barrow 99723,71.29832445,-156.7535863,"AK"
https://www.nps.gov/iafl/index.htm,Ice Age Floods National Geologic Trail,Superintendent Coulee Dam 99116,46.5669309007871,-118.992564971161,"WA,OR,ID,MT"
https://www.nps.gov/iatr/index.htm,Ice Age National Scenic Trail,8075 Old Sauk Pass Road Cross Plains 53528,43.9895697794196,-89.5612021705858,"WI"
https://www.nps.gov/inde/index.htm,Independence National Historical Park,599 Market Street Philadelphia 19106,39.94746112,-75.14794157,"PA"
https://www.nps.gov/indu/index.htm,Indiana Dunes National Park,1215 SR-49 Chesterton 46304,41.63765525,-87.09647445,"IN"
https://www.nps.gov/isro/index.htm,Isle Royale National Park,800 East Lakeshore Drive Houghton 49931,48.01145819,-88.82780657,"MI"
https://www.nps.gov/jaga/index.htm,James A Garfield National Historic Site,8095 Mentor Avenue Mentor 44060,41.66486549,-81.35086557,"OH"
https://www.nps.gov/jela/index.htm,Jean Lafitte National Historical Park and Preserve,419 Decatur St New Orleans 70130,29.81739855,-90.1402241,"LA"
https://www.nps.gov/jeca/index.htm,Jewel Cave National Monument,11149 U.S. Hwy. 16 Custer 57730,43.73102945,-103.829994,"SD"
https://www.nps.gov/jica/index.htm,Jimmy Carter National Historical Park,300 North Bond Street Plains 31780,32.03059943,-84.41606653,"GA"
https://www.nps.gov/joda/index.htm,John Day Fossil Beds National Monument,32651 Highway 19 Kimberly 97848,44.62566508,-119.8811491,"OR"
https://www.nps.gov/jofi/index.htm,John Fitzgerald Kennedy National Historic Site,83 Beals Street Brookline 02446,42.34693694,-71.12323846,"MA"
https://www.nps.gov/jomu/index.htm,John Muir National Historic Site,4202 Alhambra Ave Martinez 94553,37.9828422,-122.1326097,"CA"
https://www.nps.gov/jofl/index.htm,Johnstown Flood National Memorial,733 Lake Road South Fork 15956,40.34584534,-78.77448601,"PA"
https://www.nps.gov/jotr/index.htm,Joshua Tree National Park,74485 National Park Drive Twentynine Palms 92277-3597,33.91418525,-115.8398125,"CA"
https://www.nps.gov/juba/index.htm,Juan Bautista de Anza National Historic Trail,440 Civic Center Plaza, Suite 300 Richmond 94804,33.8743390993837,-117.224179856507,"AZ,CA"
https://www.nps.gov/kala/index.htm,Kalaupapa National Historical Park,P.O. Box 2222 Kalaupapa 96742,21.1731108,-156.9511609,"HI"
https://www.nps.gov/kaho/index.htm,Kaloko-Honok&#333;hau National Historical Park,Visitor Center, Queen Ka'ahumanu Highway, south of 97 mile marker Kailua-Kona 96740,19.68083237,-156.0306932,"HI"
https://www.nps.gov/kaww/index.htm,Katahdin Woods and Waters National Monument,PO Box 446 Patten 04765,45.9567565917969,-68.712287902832,"ME"
https://www.nps.gov/katm/index.htm,Katmai National Park & Preserve,1000 Silver Street King Salmon 99613,58.62235668,-155.0126574,"AK"
https://www.nps.gov/kefj/index.htm,Kenai Fjords National Park,411 Washington Street Seward 99664,59.81804414,-150.106502,"AK"
https://www.nps.gov/keaq/index.htm,Kenilworth Park & Aquatic Gardens,1550 Anacostia Ave. NE Washington 20019,38.9128,-76.9434,"DC"
https://www.nps.gov/kemo/index.htm,Kennesaw Mountain National Battlefield Park,900 Kennesaw Mountain Dr Kennesaw 30152,33.95370717,-84.59214186,"GA"
https://www.nps.gov/kewe/index.htm,Keweenaw National Historical Park,25970 Red Jacket Road Calumet 49913,47.1792308,-88.52275344,"MI"
https://www.nps.gov/kimo/index.htm,Kings Mountain National Military Park,2300 Park Road Blacksburg 29702,35.13900723,-81.38978712,"SC"
https://www.nps.gov/klse/index.htm,Klondike Gold Rush - Seattle Unit National Historical Park,319 Second Ave S. Seattle 98104,47.5993663,-122.3319664,"WA"
https://www.nps.gov/klgo/index.htm,Klondike Gold Rush National Historical Park,Klondike Gold Rush National Historical Park Skagway 99840,59.61042373,-135.2618535,"AK"
https://www.nps.gov/knri/index.htm,Knife River Indian Villages National Historic Site,564 County Road 37 Stanton 58571,47.3540219,-101.3860533,"ND"
https://www.nps.gov/kova/index.htm,Kobuk Valley National Park,171 3rd Ave Kotzebue 99752,67.35631336,-159.2002293,"AK"
https://www.nps.gov/kowa/index.htm,Korean War Veterans Memorial,10 Daniel French Dr, SW Washington 20002,38.88784226,-77.04773857,"DC"
https://www.nps.gov/lyba/index.htm,LBJ Memorial Grove on the Potomac,Lyndon Baines Johnson Memorial Grove Washington ,38.87858036,-77.05145832,"DC"
https://www.nps.gov/lacl/index.htm,Lake Clark National Park & Preserve,1 Park Place Port Alsworth 99653,60.57405857,-153.55535,"AK"
https://www.nps.gov/lake/index.htm,Lake Mead National Recreation Area,Lake Mead Visitor Center Boulder City 89005,35.96622528,-114.3469067,"AZ,NV"
https://www.nps.gov/lamr/index.htm,Lake Meredith National Recreation Area,419 E. Broadway Fritch 79036,35.61926203,-101.6820066,"TX"
https://www.nps.gov/laro/index.htm,Lake Roosevelt National Recreation Area,Lake Roosevelt National Recreation Area Coulee Dam 99116,48.17148735,-118.3513713,"WA"
https://www.nps.gov/lavo/index.htm,Lassen Volcanic National Park,38050 Highway 36 East Mineral 96063,40.49354575,-121.4075993,"CA"
https://www.nps.gov/labe/index.htm,Lava Beds National Monument,1 Indian Well HQ Tulelake 96134,41.75915823,-121.5172189,"CA"
https://www.nps.gov/lecl/index.htm,Lewis & Clark National Historic Trail,601 Riverfront Dr. Omaha 68102,41.2646141052246,-95.9245147705078,"IA,ID,IL,IN,KS,KY,MO,MT,NE,ND,OH,OR,PA,SD,WA,WV"
https://www.nps.gov/lewi/index.htm,Lewis and Clark National Historical Park,Lewis and Clark National Historical Park Astoria 97103,46.21178735,-123.9638583,"OR,WA"
https://www.nps.gov/libo/index.htm,Lincoln Boyhood National Memorial,3027 East South Street Lincoln City 47552,38.11817004,-86.99656861,"IN"
https://www.nps.gov/liho/index.htm,Lincoln Home National Historic Site,426 S. 7th Street Springfield 62701,39.79715642,-89.64513397,"IL"
https://www.nps.gov/linc/index.htm,Lincoln Memorial,2 Lincoln Memorial Circle, NW Washington 20002,38.88927229,-77.05017778,"DC"
https://www.nps.gov/libi/index.htm,Little Bighorn Battlefield National Monument,756 Battlefield Tour Road Crow Agency 59022,45.55633048,-107.4183614,"MT"
https://www.nps.gov/liri/index.htm,Little River Canyon National Preserve,472 Alabama Highway 35 Fort Payne 35967,34.41461863,-85.61734327,"AL"
https://www.nps.gov/chsc/index.htm,Little Rock Central High School National Historic Site,Little Rock Central High School NHS Little Rock 72202-5212,34.7369465,-92.29987899,"AR"
https://www.nps.gov/long/index.htm,Longfellow House Washington's Headquarters National Historic Site,105 Brattle Street Cambridge 02138,42.37698854,-71.12636956,"MA"
https://www.nps.gov/lowe/index.htm,Lowell National Historical Park,115 John Street Lowell 01852,42.6455371,-71.31588673,"MA"
https://www.nps.gov/lode/index.htm,Lower Delaware National Wild and Scenic River,NPS Wild & Scenic Rivers Philadelphia 19106,40.4000389,-74.983737,"PA,NJ"
https://www.nps.gov/loea/index.htm,Lower East Side Tenement Museum National Historic Site,103 Orchard Street New York 10002,40.7187683,-73.99001245,"NY"
https://www.nps.gov/lyjo/index.htm,Lyndon B Johnson National Historical Park,100 Ladybird Lane Johnson City 78636,30.2519655,-98.60692433,"TX"
https://www.nps.gov/mawa/index.htm,Maggie L Walker National Historic Site,600 N. 2nd Street Richmond 23219,37.54781499,-77.43746979,"VA"
https://www.nps.gov/maac/index.htm,Maine Acadian Culture,PO Box 88 Madawaska 04756,47.25102114,-68.59447532,"ME"
https://www.nps.gov/maca/index.htm,Mammoth Cave National Park,P.O. Box 7 Mammoth Cave 42259-0007,37.19760458,-86.13090198,"KY"
https://www.nps.gov/mana/index.htm,Manassas National Battlefield Park,6511 Sudley Road Manassas 20109,38.81710063,-77.5353468,"VA"
https://www.nps.gov/mapr/index.htm,Manhattan Project National Historical Park,Manhattan Project National Historical Park Lakewood 80228,39.76948167,-100.8429548,"NM,WA,TN"
https://www.nps.gov/manz/index.htm,Manzanar National Historic Site,Manzanar National Historic Site Independence 93526,36.72559195,-118.1547177,"CA"
https://www.nps.gov/mabi/index.htm,Marsh - Billings - Rockefeller National Historical Park,54 Elm Street Woodstock 05091,43.63348732,-72.53424638,"VT"
https://www.nps.gov/mlkm/index.htm,Martin Luther King, Jr. Memorial,1850 West Basin Drive SW Washington 20024,38.8862276865,-77.0442195534,"DC"
https://www.nps.gov/malu/index.htm,Martin Luther King, Jr. National Historical Park,450 Auburn Avenue, NE Atlanta 30312,33.75618241,-84.37256768,"GA"
https://www.nps.gov/mava/index.htm,Martin Van Buren National Historic Site,Martin Van Buren NHS Kinderhook 12106-3605,42.36819596,-73.70834257,"NY"
https://www.nps.gov/mamc/index.htm,Mary McLeod Bethune Council House National Historic Site,1318 Vermont Avenue NW Washington 20005,38.90819107,-77.03096742,"DC"
https://www.nps.gov/memy/index.htm,Medgar and Myrlie Evers Home National Monument,2332 Margaret Walker Alexander Drive Jackson 39213,32.34096274,-90.21264553,"MS"
https://www.nps.gov/meve/index.htm,Mesa Verde National Park,Mile .7 Headquarters Loop Road Mesa Verde National Park 81330,37.23908345,-108.4624032,"CO"
https://www.nps.gov/misp/index.htm,Mill Springs Battlefield National Monument,Superintendent, MISP Nancy 42544,37.068815860168,-84.7375361304372,"KY"
https://www.nps.gov/miin/index.htm,Minidoka National Historic Site,1428 Hunt Road Jerome 83338,42.80586068,-114.4449868,"ID,WA"
https://www.nps.gov/mima/index.htm,Minute Man National Historical Park,Minute Man Visitor Center Lincoln 01773,42.4562778,-71.30738884,"MA"
https://www.nps.gov/mimi/index.htm,Minuteman Missile National Historic Site,24545 Cottonwood Road Philip 57567,43.89558013,-102.0272131,"SD"
https://www.nps.gov/miss/index.htm,Mississippi National River and Recreation Area,120 W. Kellogg Blvd. Saint Paul 55101,44.942487,-93.098712,"MN"
https://www.nps.gov/mnrr/index.htm,Missouri National Recreational River,508 East 2nd Street Yankton 57078,42.7882189,-97.59077822,"SD,NE"
https://www.nps.gov/moja/index.htm,Mojave National Preserve,2701 Barstow Road Barstow 92311,35.12485941,-115.5168258,"CA"
https://www.nps.gov/mono/index.htm,Monocacy National Battlefield,5201 Urbana Pike Frederick 21704,39.36084236,-77.39637677,"MD"
https://www.nps.gov/moca/index.htm,Montezuma Castle National Monument,2800 Montezuma Castle Road Camp Verde 86322,34.62237771,-111.8147857,"AZ"
https://www.nps.gov/mocr/index.htm,Moores Creek National Battlefield,40 Patriots Hall Dr. Currie 28435,34.45820776,-78.11031134,"NC"
https://www.nps.gov/mopi/index.htm,Mormon Pioneer National Historic Trail,National Trails Santa Fe 87505,41.2650321741355,-101.84083755965,"IL,IA,NE,UT,WY"
https://www.nps.gov/morr/index.htm,Morristown National Historical Park,30 Washington Place Morristown 07052,40.7650755,-74.53455122,"NJ"
https://www.nps.gov/mora/index.htm,Mount Rainier National Park,55210 238th Avenue East Ashford 98304,46.86075416,-121.7043885,"WA"
https://www.nps.gov/moru/index.htm,Mount Rushmore National Memorial,13000 Highway 244 Keystone 57751,43.88037021,-103.4525186,"SD"
https://www.nps.gov/muwo/index.htm,Muir Woods National Monument,Muir Woods National Monument Mill Valley 94941,37.89658027,-122.5808047,"CA"
https://www.nps.gov/natc/index.htm,Natchez National Historical Park,640 South Canal Street Natchez 39120,31.54697621,-91.39040665,"MS"
https://www.nps.gov/natt/index.htm,Natchez Trace National Scenic Trail,2680 Natchez Trace Parkway Tupelo 38804,34.3302903330188,-88.7100104093552,"AL,MS,TN"
https://www.nps.gov/natr/index.htm,Natchez Trace Parkway,2680 Natchez Trace Parkway Tupelo 38804,33.78002293,-89.03092439,"AL,MS,TN"
https://www.nps.gov/nace/index.htm,National Capital Parks-East,1900 Anacostia Drive SE Washington 20020,38.85301412,-76.98495791,"DC"
https://www.nps.gov/nama/index.htm,National Mall and Memorial Parks,900 Ohio Drive SW Washington 20024,38.88162683,-77.03586953,"DC"
https://www.nps.gov/npsa/index.htm,National Park of American Samoa,National Park of American Samoa Pago Pago 96799,-14.22865935,-169.8503777,"AS"
https://www.nps.gov/npnh/index.htm,National Parks of New York Harbor,26 Wall Street New York 10007,40.6632,-74.0451,"NY"
https://www.nps.gov/nabr/index.htm,Natural Bridges National Monument,At the end of UT-275 Lake Powell 84533,37.6045329,-110.0022436,"UT"
https://www.nps.gov/nava/index.htm,Navajo National Monument,End of AZ Highway 564 Shonto 86054,36.71755643,-110.5504015,"AZ"
https://www.nps.gov/nebe/index.htm,New Bedford Whaling National Historical Park,33 William Street New Bedford 02740,41.63540552,-70.92322321,"MA"
https://www.nps.gov/neen/index.htm,New England National Scenic Trail,New England Trail Springfield 01105,42.2915819136851,-72.5242767333984,"MA,CT"
https://www.nps.gov/pine/index.htm,New Jersey Pinelands National Reserve,15 Springfield Road New Lisbon 08064,39.9384,-74.625,"NJ"
https://www.nps.gov/jazz/index.htm,New Orleans Jazz National Historical Park,916 North Peters St New Orleans 70116,29.96303129,-90.06749669,"LA"
https://www.nps.gov/neri/index.htm,New River Gorge National Park and Preserve.,104 Main Street Glen Jean 25846,37.86878554,-80.99956002,"WV"
https://www.nps.gov/nepe/index.htm,Nez Perce National Historical Park,Nez Perce National Historical Park Lapwai 83540-9715,46.07019093,-115.8761258,"ID,MT,OR,WA"
https://www.nps.gov/nico/index.htm,Nicodemus National Historic Site,304 Washington Ave. Nicodemus 67625-3015,39.39167606,-99.61680329,"KS"
https://www.nps.gov/nisi/index.htm,Ninety Six National Historic Site,Ninety Six National Historic Site Ninety Six 29666,34.14273587,-82.01636079,"SC"
https://www.nps.gov/niob/index.htm,Niobrara National Scenic River,214 W US Highway 20 Valentine 69201,42.79413083,-99.91870646,"NE"
https://www.nps.gov/noat/index.htm,Noatak National Preserve,171 3rd Ave Kotzebue 99752,68.01027053,-159.831694,"AK"
https://www.nps.gov/noca/index.htm,North Cascades National Park,810 State Route 20 Sedro-Woolley 98284,48.71171756,-121.2069423,"WA"
https://www.nps.gov/noco/index.htm,North Country National Scenic Trail,318 East Main Street, Suite K Lowell 49331,46.3344007429818,-90.8165630499445,"MI,MN,ND,NY,OH,PA,VT,WI"
https://www.nps.gov/obed/index.htm,Obed Wild & Scenic River,208 N. Maiden Street Wartburg 37887,36.1056026036731,-84.5979170501232,"TN"
https://www.nps.gov/ocmu/index.htm,Ocmulgee Mounds National Historical Park,1207 Emery Hwy Macon 31217,32.83816576,-83.60224853,"GA"
https://www.nps.gov/okci/index.htm,Oklahoma City National Memorial,Oklahoma City National Memorial Oklahoma City 73102-0676,35.473,-97.5171,"OK"
https://www.nps.gov/olsp/index.htm,Old Spanish National Historic Trail,National Trails Santa Fe 87505,37.0791782514048,-112.114693431482,"AZ,CA,CO,NV,NM,UT"
https://www.nps.gov/olym/index.htm,Olympic National Park,Olympic National Park Visitor Center Port Angeles 98362,47.80392754,-123.6663848,"WA"
https://www.nps.gov/orca/index.htm,Oregon Caves National Monument & Preserve,19000 Caves Hwy Cave Junction 97523,42.10319143,-123.4018586,"OR"
https://www.nps.gov/oreg/index.htm,Oregon National Historic Trail,National Trails - Regions 6, 7, 8 Santa Fe 87505,41.9876977830751,-109.634200840537,"ID,KS,MO,NE,OR,WA,WY"
https://www.nps.gov/orpi/index.htm,Organ Pipe Cactus National Monument,10 Organ Pipe Drive Ajo 85321,32.03585543,-112.8573314,"AZ"
https://www.nps.gov/ovvi/index.htm,Overmountain Victory National Historic Trail,4001 Chesnee Hwy Gaffney 29341,35.14044,-81.377,"NC,SC,TN,VA"
https://www.nps.gov/oxhi/index.htm,Oxon Cove Park & Oxon Hill Farm,Bald Eagle Road Oxon Hill 20745,38.80578214,-77.01131457,"MD"
https://www.nps.gov/ozar/index.htm,Ozark National Scenic Riverways,404 Watercress Drive Van Buren 63965,37.13968894,-91.25709817,"MO"
https://www.nps.gov/pais/index.htm,Padre Island National Seashore,20420 Park Road 22 Corpus Christi 78418,27.05381186,-97.35901135,"TX"
https://www.nps.gov/paal/index.htm,Palo Alto Battlefield National Historical Park,7200 Paredes Line Road Brownsville 78526,26.02387351,-97.46296072,"TX"
https://www.nps.gov/pagr/index.htm,Paterson Great Falls National Historical Park,72 McBride Avenue Extension Paterson 07501,40.91584645,-74.18021494,"NJ"
https://www.nps.gov/peri/index.htm,Pea Ridge National Military Park,15930 E Hwy 62 Garfield 72732,36.45438033,-94.03468357,"AR"
https://www.nps.gov/valr/index.htm,Pearl Harbor National Memorial,Pearl Harbor Visitor Center Honolulu 96818,21.3670699388264,-157.938578897697,"HI"
https://www.nps.gov/peco/index.htm,Pecos National Historical Park,Pecos National Historical Park Pecos 87552,35.54192238,-105.6814684,"NM"
https://www.nps.gov/paav/index.htm,Pennsylvania Avenue,1 Pennsylvania Ave, NW Washington 20002,38.89426856,-77.02506554,"DC"
https://www.nps.gov/pevi/index.htm,Perry's Victory & International Peace Memorial,93 Delaware Avenue Put-in-Bay 43456,41.65449782,-82.8115794,"OH"
https://www.nps.gov/pete/index.htm,Petersburg National Battlefield,Petersburg National Battlefield Petersburg 23803,37.19109957,-77.47594865,"VA"
https://www.nps.gov/pefo/index.htm,Petrified Forest National Park,1 Park Road Petrified Forest 86028,34.98387664,-109.7877678,"AZ"
https://www.nps.gov/petr/index.htm,Petroglyph National Monument,Visitor Information Center Albuquerque 87120,35.13915998,-106.7491456,"NM"
https://www.nps.gov/piro/index.htm,Pictured Rocks National Lakeshore,1505 Sand Point Road Munising 49862,46.56435642,-86.31628733,"MI"
https://www.nps.gov/pinn/index.htm,Pinnacles National Park,5000 Highway 146 Paicines 95043,36.49029208,-121.1813607,"CA"
https://www.nps.gov/pisp/index.htm,Pipe Spring National Monument,Pipe Spring National Monument Fredonia 86022,36.86282666,-112.7398567,"AZ"
https://www.nps.gov/pipe/index.htm,Pipestone National Monument,36 Reservation Ave Pipestone 56164,44.01351958,-96.32475523,"MN"
https://www.nps.gov/pisc/index.htm,Piscataway Park,3400 Bryan Point Road Accokeek 20607,38.68679958,-77.06659744,"MD"
https://www.nps.gov/pore/index.htm,Point Reyes National Seashore,1 Bear Valley Road Point Reyes Station 94956,38.05511241,-122.8797804,"CA"
https://www.nps.gov/poex/index.htm,Pony Express National Historic Trail,National Trails Santa Fe 87505,42.2365761127712,-109.26614841717,"CA,CO,KS,MO,NE,NV,UT,WY"
https://www.nps.gov/poch/index.htm,Port Chicago Naval Magazine National Memorial,4202 Alhambra Ave Martinez 94553,38.05685472,-122.0301603,"CA"
https://www.nps.gov/pohe/index.htm,Potomac Heritage National Scenic Trail,Potomac Heritage NST Office Washington 20242,39.15060133,-77.52301085,"DC,MD,PA,VA"
https://www.nps.gov/popo/index.htm,Poverty Point National Monument,6859 Hwy. 577 Pioneer 71266,32.6424361,-91.40829834,"LA"
https://www.nps.gov/wicl/index.htm,President William Jefferson Clinton Birthplace Home National Historic Site,117 South Hervey Street Hope 71801,33.66758356,-93.59641868,"AR"
https://www.nps.gov/whho/index.htm,President's Park (White House),1450 Pennsylvania Ave., NW Washington 20230,38.89541886,-77.03654147,"DC"
https://www.nps.gov/prsf/index.htm,Presidio of San Francisco,Presidio of San Francisco San Francisco 94129,37.797,-122.4671,"CA"
https://www.nps.gov/prwi/index.htm,Prince William Forest Park,18170 Park Entrance Road Triangle 22172,38.58589108,-77.38910997,"VA"
https://www.nps.gov/puhe/index.htm,Pu`ukohol&#257; Heiau National Historic Site,Pu'ukohola Heiau National Historic Site Kawaihae 96743,20.02772186,-155.8211629,"HI"
https://www.nps.gov/pull/index.htm,Pullman National Monument,11141 S. Cottage Grove Chicago 60628,41.69429163,-87.60873824,"IL"
https://www.nps.gov/puho/index.htm,Puʻuhonua o Hōnaunau National Historical Park,Highway 160 Hōnaunau 96726,19.41268627,-155.9008789,"HI"
https://www.nps.gov/rabr/index.htm,Rainbow Bridge National Monument,Rainbow Bridge National Monument Lake Powell 00000,36.9943264317074,-111.491484759378,"UT"
https://www.nps.gov/reer/index.htm,Reconstruction Era National Historical Park,706 Craven Street Beaufort 29902,32.3868598937988,-80.6511077880859,"SC"
https://www.nps.gov/redw/index.htm,Redwood National and State Parks,1111 Second Street Crescent City 95531,41.37237268,-124.0318129,"CA"
https://www.nps.gov/rich/index.htm,Richmond National Battlefield Park,470 Tredegar Street Richmond 23219,37.48774472,-77.29107785,"VA"
https://www.nps.gov/rigr/index.htm,Rio Grande Wild & Scenic River,Rio Grande Wild & Scenic River Big Bend National Park 79834,29.52743158,-102.5979169,"TX"
https://www.nps.gov/rira/index.htm,River Raisin National Battlefield Park,333 N. Dixie Hwy. Monroe 48162,41.91291085,-83.37620464,"MI"
https://www.nps.gov/rocr/index.htm,Rock Creek Park,5200 Glover Rd, NW Washington 20015,38.95125063,-77.05002838,"DC"
https://www.nps.gov/romo/index.htm,Rocky Mountain National Park,1000 US Hwy 36 Estes Park 80517,40.3556924,-105.6972879,"CO"
https://www.nps.gov/rowi/index.htm,Roger Williams National Memorial,282 North Main Street Providence 02903,41.8298955,-71.41056665,"RI"
https://www.nps.gov/roca/index.htm,Roosevelt Campobello International Park,PO Box 129 Lubec 04652,44.8736,-66.9621,"ME"
https://www.nps.gov/rori/index.htm,Rosie the Riveter WWII Home Front National Historical Park,1414 Harbour Way South, Suite 3000 Richmond 94804,37.90999027,-122.360156,"CA"
https://www.nps.gov/ruca/index.htm,Russell Cave National Monument,3729 County Road 98 Bridgeport 35740,34.97402063,-85.81560314,"AL"
https://www.nps.gov/sahi/index.htm,Sagamore Hill National Historic Site,20 Sagamore Hill Road Oyster Bay 11771,40.88579128,-73.49686438,"NY"
https://www.nps.gov/sagu/index.htm,Saguaro National Park,3693 S Old Spanish Trail Tucson 85730,32.20909636,-110.7574974,"AZ"
https://www.nps.gov/sacr/index.htm,Saint Croix Island International Historic Site,84 Saint Croix Drive Calais 04619,45.12858838,-67.13363651,"ME"
https://www.nps.gov/sacn/index.htm,Saint Croix National Scenic Riverway,401 North Hamilton Street St. Croix Falls 54024,45.70019235,-92.36126685,"WI,MN"
https://www.nps.gov/sapa/index.htm,Saint Paul's Church National Historic Site,897 South Columbus Avenue Mount Vernon 10550,40.89283511,-73.82577276,"NY"
https://www.nps.gov/saga/index.htm,Saint-Gaudens National Historical Park,139 Saint Gaudens Road Cornish 03745,43.4997238,-72.37333969,"NH"
https://www.nps.gov/sama/index.htm,Salem Maritime National Historic Site,Salem Armory Visitor Center Salem 01970,42.52024529,-70.88640867,"MA"
https://www.nps.gov/sapu/index.htm,Salinas Pueblo Missions National Monument,Salinas Pueblo Missions National Monument Mountainair 87036-0517,34.35423203,-106.2050309,"NM"
https://www.nps.gov/sari/index.htm,Salt River Bay National Historical Park and Ecological Preserve,Route 75 Salt River Bay Christiansted 00820,17.77908602,-64.75519348,"VI"
https://www.nps.gov/saan/index.htm,San Antonio Missions National Historical Park,Visitor Center at Mission San José San Antonio 78214,29.31262089,-98.4289522,"TX"
https://www.nps.gov/safr/index.htm,San Francisco Maritime National Historical Park,2905 Hyde Street San Francisco 94109,37.81005871,-122.4244415,"CA"
https://www.nps.gov/sajh/index.htm,San Juan Island National Historical Park,4668 Cattle Point Rd. Friday Harbor 98250,48.51241933,-123.0610277,"WA"
https://www.nps.gov/saju/index.htm,San Juan National Historic Site,501 Norzagaray Street San Juan 00901,18.46873857,-66.11848623,"PR"
https://www.nps.gov/sand/index.htm,Sand Creek Massacre National Historic Site,1301 Maine St Eads 81036-,38.56414189,-102.5169542,"CO"
https://www.nps.gov/safe/index.htm,Santa Fe National Historic Trail,National Trails Santa Fe 87505,37.7276522225604,-99.9219692270385,"CO,KS,MO,NM,OK"
https://www.nps.gov/samo/index.htm,Santa Monica Mountains National Recreation Area,26876 Mulholland Highway Calabasas 91302,34.09777606,-118.7708619,"CA"
https://www.nps.gov/sara/index.htm,Saratoga National Historical Park,648 Route 32 Stillwater 12170,42.99522612,-73.63386108,"NY"
https://www.nps.gov/sair/index.htm,Saugus Iron Works National Historic Site,244 Central St Saugus 01906,42.46830664,-71.0076953,"MA"
https://www.nps.gov/scbl/index.htm,Scotts Bluff National Monument,190276 Old Oregon Trail Gering 69341,41.83464193,-103.7071351,"NE"
https://www.nps.gov/semo/index.htm,Selma To Montgomery National Historic Trail,7002 U.S. Highway 80 West White Hall 36040,32.27082092,-86.72823702,"AL"
https://www.nps.gov/seki/index.htm,Sequoia & Kings Canyon National Parks,47050 Generals Highway Three Rivers 93271,36.71277299,-118.587429,"CA"
https://www.nps.gov/shen/index.htm,Shenandoah National Park,Shenandoah National Park Luray 22835,38.49236644,-78.46907715,"VA"
https://www.nps.gov/shil/index.htm,Shiloh National Military Park,1055 Pittsburg Landing Road Shiloh 38376,35.13850907,-88.3421072,"TN,MS"
https://www.nps.gov/sitk/index.htm,Sitka National Historical Park,103 Monastery St. Sitka 99835,57.04718173,-135.3156876,"AK"
https://www.nps.gov/slbe/index.htm,Sleeping Bear Dunes National Lakeshore,9922 Front Street Empire 49630,44.92844962,-86.02706591,"MI"
https://www.nps.gov/spar/index.htm,Springfield Armory National Historic Site,Springfield Armory National Historic Site Springfield 01105,42.1086368,-72.57967415,"MA"
https://www.nps.gov/stsp/index.htm,Star-Spangled Banner National Historic Trail,2400 East Fort Avenue Baltimore 21230,39.2872505188,-76.6034317017,"MD,VA,DC"
https://www.nps.gov/stli/index.htm,Statue Of Liberty National Monument,Liberty Island New York 10004,40.6898,-74.0451,"NY"
https://www.nps.gov/stge/index.htm,Ste. Geneviève National Historical Park,Ste. Genevieve National Historical Park Ste. Genevieve 63670,37.9792171421179,-90.0432157516479,"MO"
https://www.nps.gov/stea/index.htm,Steamtown National Historic Site,Lackawanna Ave at Cliff St Scranton 18503,41.40757521,-75.67037255,"PA"
https://www.nps.gov/stri/index.htm,Stones River National Battlefield,1563 North Thompson Lane Murfreesboro 37129,35.87608652,-86.43078399,"TN"
https://www.nps.gov/ston/index.htm,Stonewall National Monument,Intersection of Christopher, Grove, and Fourth Streets. New York 10014,40.7337799072266,-74.0006866455078,"NY"
https://www.nps.gov/sucr/index.htm,Sunset Crater Volcano National Monument,6082 Sunset Crater Road Flagstaff 86004,35.37114323,-111.510376,"AZ"
https://www.nps.gov/tapr/index.htm,Tallgrass Prairie National Preserve,2480B KS Hwy 177 Strong City 66869,38.44023613,-96.5670822,"KS"
https://www.nps.gov/thko/index.htm,Thaddeus Kosciuszko National Memorial,3rd and Pine Streets Philadelphia 19106,39.94345312,-75.14732045,"PA"
https://www.nps.gov/thrb/index.htm,Theodore Roosevelt Birthplace National Historic Site,28 East 20th Street New York 10003,40.7386469,-73.98903703,"NY"
https://www.nps.gov/thri/index.htm,Theodore Roosevelt Inaugural National Historic Site,Theodore Roosevelt Inaugural Site Buffalo 14202,42.90146781,-78.87248411,"NY"
https://www.nps.gov/this/index.htm,Theodore Roosevelt Island,George Washington Memorial Parkway Arlington 22209,38.89584162,-77.06241918,"DC"
https://www.nps.gov/thro/index.htm,Theodore Roosevelt National Park,315 Second Avenue Medora 58645,47.17777274,-103.4300083,"ND"
https://www.nps.gov/thco/index.htm,Thomas Cole National Historic Site,218 Spring Street Catskill 12414,42.22570607,-73.86154864,"NY"
https://www.nps.gov/edis/index.htm,Thomas Edison National Historical Park,211 Main Street West Orange 07052,40.78549896,-74.23821139,"NJ"
https://www.nps.gov/thje/index.htm,Thomas Jefferson Memorial,16 East Basin Drive, SW Washington 200024,38.88101431,-77.03632572,"DC"
https://www.nps.gov/thst/index.htm,Thomas Stone National Historic Site,6655 Rose Hill Road Port Tobacco 20677,38.52934443,-77.037813,"MD"
https://www.nps.gov/tica/index.htm,Timpanogos Cave National Monument,2038 W. Alpine Loop Road American Fork 84003,40.44039719,-111.7093944,"UT"
https://www.nps.gov/timu/index.htm,Timucuan Ecological & Historic Preserve,12713 Fort Caroline Road Jacksonville 32225,30.47251894,-81.49950104,"FL"
https://www.nps.gov/tont/index.htm,Tonto National Monument,26260 N AZ Hwy 188 Lot 2 Roosevelt 85545,33.64842945,-111.1135627,"AZ"
https://www.nps.gov/tosy/index.htm,Touro Synagogue National Historic Site,85 Touro Street Newport 02840,41.4893,-71.3121,"RI"
https://www.nps.gov/trte/index.htm,Trail Of Tears National Historic Trail,National Trails Santa Fe 87505,36.0530021046485,-89.6761041963142,"AL,AR,GA,IL,KY,MO,NC,OK,TN"
https://www.nps.gov/tule/index.htm,Tule Lake National Monument,800 Main St Tuelake 96134,41.88727902,-121.3744818,"CA"
https://www.nps.gov/tusk/index.htm,Tule Springs Fossil Beds National Monument,Tule Springs Fossil Beds National Monument Las Vegas 89166,36.3893217,-115.3202223,"NV"
https://www.nps.gov/tuma/index.htm,Tumacácori National Historical Park,1895 E Frontage Road Tumacacori 85640,31.567824,-111.051223,"AZ"
https://www.nps.gov/tupe/index.htm,Tupelo National Battlefield,2083 Main St Tupelo 38801,34.25557705,-88.73708623,"MS"
https://www.nps.gov/tuai/index.htm,Tuskegee Airmen National Historic Site,1616 Chappie James Ave. Tuskegee 36083,32.45538671,-85.67983321,"AL"
https://www.nps.gov/tuin/index.htm,Tuskegee Institute National Historic Site,1212 West Montgomery Road Tuskegee Institute 36088,32.42962115,-85.70488498,"AL"
https://www.nps.gov/tuzi/index.htm,Tuzigoot National Monument,25 Tuzigoot Rd Clarkdale 86324,34.77296377,-112.0279069,"AZ"
https://www.nps.gov/ulsg/index.htm,Ulysses S Grant National Historic Site,7400 Grant Road St. Louis 63123,38.55182374,-90.35169255,"MO"
https://www.nps.gov/upde/index.htm,Upper Delaware Scenic & Recreational River,274 River Road Beach Lake 18405,41.66172578,-75.03861562,"NY,PA"
https://www.nps.gov/vall/index.htm,Valles Caldera National Preserve,39201 New Mexico Highway 4 Jemez Springs 87025,35.91682872,-106.5195724,"NM"
https://www.nps.gov/vafo/index.htm,Valley Forge National Historical Park,1400 North Outer Line Drive King of Prussia 19406,40.10054985,-75.44581889,"PA"
https://www.nps.gov/vama/index.htm,Vanderbilt Mansion National Historic Site,81 Vanderbilt Park Road Hyde Park 12538,41.79697937,-73.94205557,"NY"
https://www.nps.gov/vick/index.htm,Vicksburg National Military Park,3201 Clay Street Vicksburg 39183,32.3621286,-90.85030186,"MS,LA"
https://www.nps.gov/vive/index.htm,Vietnam Veterans Memorial,5 Henry Bacon Drive NW Washington 20002,38.89096297,-77.04765735,"DC"
https://www.nps.gov/vicr/index.htm,Virgin Islands Coral Reef National Monument,Hurrican Hole St. John 00830,18.28996918,-64.70683395,"VI"
https://www.nps.gov/viis/index.htm,Virgin Islands National Park,1300 Cruz Bay Creek St. John 00830,18.34279656,-64.74194451,"VI"
https://www.nps.gov/voya/index.htm,Voyageurs National Park,Voyageurs National Park Headquarters International Falls 56649,48.48370609,-92.8382913,"MN"
https://www.nps.gov/waco/index.htm,Waco Mammoth National Monument,6220 Steinbeck Bend Drive Waco 76708,31.60465887,-97.17606143,"TX"
https://www.nps.gov/waca/index.htm,Walnut Canyon National Monument,3 Walnut Canyon Road Flagstaff 86004,35.16822994,-111.5024239,"AZ"
https://www.nps.gov/wapa/index.htm,War In The Pacific National Historical Park,135 Murray Blvd. Hagatna 96910,13.43795691,144.6922461,"GU"
https://www.nps.gov/wamo/index.htm,Washington Monument,2 15th St. NW Washington 20024,38.88865182,-77.03546586,"DC"
https://www.nps.gov/waro/index.htm,Washington-Rochambeau Revolutionary Route National Historic Trail,Washington-Rochambeau National Historic Trail King of Prussia 19406,40.0958204556845,-74.8563515108944,"MA,RI,CT,NY,NJ,PA,DE,MD,VA,DC"
https://www.nps.gov/waba/index.htm,Washita Battlefield National Historic Site,18555 Hwy 47A, Ste. A Cheyenne 73628,35.62083963,-99.70445143,"OK"
https://www.nps.gov/wefa/index.htm,Weir Farm National Historical Park,735 Nod Hill Road Wilton 06897,41.25886268,-73.45452542,"CT"
https://www.nps.gov/whis/index.htm,Whiskeytown National Recreation Area,14412 Kennedy Memorial Drive Whiskeytown 96095,40.61359941,-122.6022657,"CA"
https://www.nps.gov/whsa/index.htm,White Sands National Park,19955 Hwy 70 W Alamogordo 88310,32.77907858,-106.3333461,"NM"
https://www.nps.gov/whmi/index.htm,Whitman Mission National Historic Site,328 Whitman Mission Road Walla Walla 99362,46.04119286,-118.4629388,"WA"
https://www.nps.gov/wiho/index.htm,William Howard Taft National Historic Site,2038 Auburn Avenue Cincinnati 45219,39.11970352,-84.50758951,"OH"
https://www.nps.gov/wicr/index.htm,Wilson's Creek National Battlefield,6424 W. Farm Road 182 Republic 65738,37.1000127,-93.40986704,"MO"
https://www.nps.gov/wica/index.htm,Wind Cave National Park,26611 US Highway 385 Hot Springs 57747,43.58012365,-103.4394709,"SD"
https://www.nps.gov/wing/index.htm,Wing Luke Museum Affiliated Area,719 South King Street Seattle 98104,47.59820859,-122.3228912,"WA"
https://www.nps.gov/wotr/index.htm,Wolf Trap National Park for the Performing Arts,1551 Trap Road Vienna 22182-1643,38.93854526,-77.265089,"VA"
https://www.nps.gov/wori/index.htm,Women's Rights National Historical Park,136 Fall Street Seneca Falls 13148,42.90817073,-76.81655558,"NY"
https://www.nps.gov/wwii/index.htm,World War II Memorial,1750 Independence Ave. SW Washington 20024,38.88923917,-77.0403759,"DC"
https://www.nps.gov/wrst/index.htm,Wrangell - St Elias National Park & Preserve,Wrangell-St. Elias National Park & Preserve Copper Center 99573,61.4182147,-142.6028439,"AK"
https://www.nps.gov/wrbr/index.htm,Wright Brothers National Memorial,1000 North Croatan Highway Kill Devil Hills 27948,36.01637713,-75.66997163,"NC"
https://www.nps.gov/wupa/index.htm,Wupatki National Monument,25137 N. Sunset Crater-Wupatki Loop Rd. Flagstaff 86004,35.55741077,-111.3957216,"AZ"
https://www.nps.gov/yell/index.htm,Yellowstone National Park,2 Officers Row Yellowstone National Park 82190,44.59824417,-110.5471695,"ID,MT,WY"
https://www.nps.gov/york/index.htm,Yorktown Battlefield Part of Colonial National Historical Park,Yorktown Battlefield Yorktown 23690,37.2195,-76.4983,"VA"
https://www.nps.gov/yose/index.htm,Yosemite National Park,undefined,37.84883288,-119.5571873,"CA"
https://www.nps.gov/yuho/index.htm,Yucca House National Monument,Off County Rd 20.5 Cortez 81321,37.24778944,-108.6861274,"CO"
https://www.nps.gov/yuch/index.htm,Yukon - Charley Rivers National Preserve,101 Dunkel St Fairbanks 99701,65.0935608,-142.7960021,"AK"
https://www.nps.gov/zion/index.htm,Zion National Park,Zion National Park Springdale 84767,37.29839254,-113.0265138,"UT"
